LCS01.LC3RRUN.AC01MH01,MDSS01.LC03RUN.AC01MH01,MDSS01.LC03CALC.AC01EV01,2,AC 1 System Hours       ,Kris,
LCS01.LC3RRUN.AC01MH02,MDSS01.LC03RUN.AC01MH02,MDSS01.LC03CALC.AC01EV02,2,AC 1 Comp1 Hours        ,Kris,
LCS01.LC3RRUN.AC01MH03,MDSS01.LC03RUN.AC01MH03,MDSS01.LC03CALC.AC01EV03,2,AC 1 Comp2 Hours        ,Kris,
LCS01.LC3RRUN.AC01MH04,MDSS01.LC03RUN.AC01MH04,MDSS01.LC03CALC.AC01EV04,2,AC 1 CW Pump Hours      ,Kris,
LCS01.LC3RRUN.AC02MH01,MDSS01.LC03RUN.AC02MH01,MDSS01.LC03CALC.AC02EV01,2,AC 2 System Hours       ,Kris,
LCS01.LC3RRUN.AC02MH02,MDSS01.LC03RUN.AC02MH02,MDSS01.LC03CALC.AC02EV02,2,AC 2 Comp1 Hours        ,Kris,
LCS01.LC3RRUN.AC02MH03,MDSS01.LC03RUN.AC02MH03,MDSS01.LC03CALC.AC02EV03,2,AC 2 Comp2 Hours        ,Kris,
LCS01.LC3RRUN.AC02MH04,MDSS01.LC03RUN.AC02MH04,MDSS01.LC03CALC.AC02EV04,2,AC 2 CW Pump Hours      ,Kris,
LCS01.LC3RRUN.ALTPMH01,MDSS01.LC03RUN.ALTPMH01,MDSS01.LC03CALC.ALTPEV01,2,AFT_PDE_LOTP_RUNHRS     ,Trey,
LCS01.LC3RRUN.BIP1MH01,MDSS01.LC03RUN.BIP1MH01,MDSS01.LC03OPC.BIP01002,2,4-Door #1-Heater Run Hou,Trey,
LCS01.LC3RRUN.BIP1MH02,MDSS01.LC03RUN.BIP1MH02,MDSS01.LC03OPC.BIP01032,2,1-Door #1-Heater Run Hou,Trey,
LCS01.LC3RRUN.BIP1MH03,MDSS01.LC03RUN.BIP1MH03,MDSS01.LC03OPC.FANS301,2,BIP1 Fan1 Run Hours     ,Trey,
LCS01.LC3RRUN.BIP1MH04,MDSS01.LC03RUN.BIP1MH04,MDSS01.LC03OPC.FANS303,2,BIP1 Fan2 Run Hours     ,Trey,
LCS01.LC3RRUN.BIP1MH05,MDSS01.LC03RUN.BIP1MH05,MDSS01.LC03CALC.BIP1EV19,2,BIP1 Air Intake Run Hour,Trey,
LCS01.LC3RRUN.BIP1MH06,MDSS01.LC03RUN.BIP1MH06,MDSS01.LC03CALC.BIP1EV16,2,BIP1 Enclosure Cooling R,Trey,
LCS01.LC3RRUN.BIP2MH01,MDSS01.LC03RUN.BIP2MH01,MDSS01.LC03OPC.BIP01017,2,4-Door #2-Heater Run Hou,Trey,
LCS01.LC3RRUN.BIP2MH02,MDSS01.LC03RUN.BIP2MH02,MDSS01.LC03OPC.BIP01041,2,1-Door #2-Heater Run Hou,Trey,
LCS01.LC3RRUN.BIP2MH03,MDSS01.LC03RUN.BIP2MH03,MDSS01.LC03OPC.FANS302,2,BIP2 Fan1 Run Hours     ,Trey,
LCS01.LC3RRUN.BIP2MH04,MDSS01.LC03RUN.BIP2MH04,MDSS01.LC03OPC.FANS304,2,BIP2 Fan2 Run Hours     ,Trey,
LCS01.LC3RRUN.BIP2MH05,MDSS01.LC03RUN.BIP2MH05,MDSS01.LC03CALC.BIP2EV19,2,BIP2 Air Intake Run Hour,Trey,
LCS01.LC3RRUN.BIP2MH06,MDSS01.LC03RUN.BIP2MH06,MDSS01.LC03CALC.BIP2EV16,2,BIP2 Enclosure Cooling R,Trey,
LCS01.LC3RRUN.BIP3MH01,MDSS01.LC03RUN.BIP3MH01,MDSS01.LC03CALC.BIP3EV01,2,SSDG1 MOV Run Hours     ,Trey,
LCS01.LC3RRUN.BIP3MH02,MDSS01.LC03RUN.BIP3MH02,MDSS01.LC03CALC.BIP3EV02,2,SSDG2 MOV Run Hours     ,Trey,
LCS01.LC3RRUN.BIP3MH03,MDSS01.LC03RUN.BIP3MH03,MDSS01.LC03CALC.BIP3EV03,2,SSDG3 MOV Run Hours     ,Trey,
LCS01.LC3RRUN.BIP3MH04,MDSS01.LC03RUN.BIP3MH04,MDSS01.LC03CALC.BIP3EV04,2,SSDG4 MOV Run Hours     ,Trey,
LCS01.LC3RRUN.CG01MH01,MDSS01.LC03RUN.CG01MH01,MDSS01.LC03CALC.CG01EV01,2,CG1 On                  ,Will,
LCS01.LC3RRUN.CG02MH01,MDSS01.LC03RUN.CG02MH01,MDSS01.LC03CALC.CG02EV01,2,CG2 On                  ,Will,
LCS01.LC3RRUN.CGLOMH01,MDSS01.LC03RUN.CGLOMH01,MDSS01.LC03CALC.CGLOEV01,2,CGLOXRUN_HOURS          ,Trey,
LCS01.LC3RRUN.DG01MH02,MDSS01.LC03RUN.DG01MH02,MDSS01.LC03CALC.DG01EV02,2,DGRun_HOURS             ,Trey,
LCS01.LC3RRUN.DG02MH02,MDSS01.LC03RUN.DG02MH02,MDSS01.LC03CALC.DG02EV02,2,DGRun_HOURS             ,Trey,
LCS01.LC3RRUN.DG03MH02,MDSS01.LC03RUN.DG03MH02,MDSS01.LC03CALC.DG03EV02,2,DGRun_HOURS             ,Trey,
LCS01.LC3RRUN.DG04MH02,MDSS01.LC03RUN.DG04MH02,MDSS01.LC03CALC.DG04EV02,2,DGRun_HOURS             ,Trey,
LCS01.LC3RRUN.FLTPMH01,MDSS01.LC03RUN.FLTPMH01,MDSS01.LC03CALC.FLTPEV01,2,FWDPDELOTP_RUNHRS       ,Trey,
LCS01.LC3RRUN.FOS1MH01,MDSS01.LC03RUN.FOS1MH01,MDSS01.LC03CALC.FOS1EV01,2,Stbd_MPBP_RunHours      ,Kris,
LCS01.LC3RRUN.FOS1MH06,MDSS01.LC03RUN.FOS1MH06,MDSS01.LC03CALC.FOS1EV06,2,GT_PHeater_SteadyStateH ,Kris,
LCS01.LC3RRUN.FOS1MH07,MDSS01.LC03RUN.FOS1MH07,MDSS01.LC03CALC.FOS1EV07,2,GT_PreHeater_RunHours,Kris,
LCS01.LC3RRUN.FOS2MH01,MDSS01.LC03RUN.FOS2MH01,MDSS01.LC03CALC.FOS2EV01,2,Port_MPBP_RunHours      ,Kris,
LCS01.LC3RRUN.FOS2MH06,MDSS01.LC03RUN.FOS2MH06,MDSS01.LC03CALC.FOS2EV06,2,GT FOS Pump 2 Run Hours,Kris,
LCS01.LC3RRUN.FOT1MH01,MDSS01.LC03RUN.FOT1MH01,MDSS01.LC03CALC.FOT1EV01,2,Run Hours               ,Kris,
LCS01.LC3RRUN.FOT1MH04,MDSS01.LC03RUN.FOT1MH04,MDSS01.LC03CALC.FOT1EV04,2,FOTPUMP1A Run Hours     ,Kris,
LCS01.LC3RRUN.FOT2MH01,MDSS01.LC03RUN.FOT2MH01,MDSS01.LC03CALC.FOT2EV01,2,FOP1B Running Hours     ,Kris,
LCS01.LC3RRUN.FOT2MH04,MDSS01.LC03RUN.FOT2MH04,MDSS01.LC03CALC.FOT2EV04,2,FOTPUMP1B Running Hours ,Kris,
LCS01.LC3RRUN.GT01MH26,MDSS01.LC03RUN.GT01MH26,MDSS01.LC03CALC.GT01EV01,2,GTMP Runhours           ,Trey,
LCS01.LC3RRUN.GT02MH26,MDSS01.LC03RUN.GT02MH26,MDSS01.LC03CALC.GT01EV01,2,GTMP Runhours           ,Trey,
LCS01.LC3RRUN.JLSSMH01,MDSS01.LC03RUN.JLSSMH01,MDSS01.LC03CALC.JLSSEV02,2,STBD STEER CLNG PP HOURS,Will,
LCS01.LC3RRUN.JLSSMH02,MDSS01.LC03RUN.JLSSMH02,MDSS01.LC03CALC.JLSSEV04,2,STBD STEER LO PP HOUR   ,Will,
LCS01.LC3RRUN.JLSSMH03,MDSS01.LC03RUN.JLSSMH03,MDSS01.LC03CALC.JLSSEV05,2,STBD STEER LO HOURS     ,Will,
LCS01.LC3RRUN.LCS3CH01,MDSS01.LC03RUN.LCS3CH01,MDSS01.LC03CALC.LCS3EV02,2,LCS3 Ship Calendar Hours,Eric,
LCS01.LC3RRUN.MP01MH01,MDSS01.LC03RUN.MP01MH01,MDSS01.LC03CALC.MP01EV01,2,MPACRun_Hours           ,Mike S,
LCS01.LC3RRUN.MP02MH01,MDSS01.LC03RUN.MP02MH01,MDSS01.LC03CALC.MP02EV01,2,MPACRun_Hours           ,Mike S,
LCS01.LC3RRUN.MSW1MH01,MDSS01.LC03RUN.MSW1MH01,MDSS01.LC03OPC.MSWPUMP1,2,NR1MSW_HOURS            ,Kris,
LCS01.LC3RRUN.MSW2MH01,MDSS01.LC03RUN.MSW2MH01,MDSS01.LC03OPC.MSWPUMP2,2,NR2MSW_HOURS            ,Kris,
LCS01.LC3RRUN.MSW3MH01,MDSS01.LC03RUN.MSW3MH01,MDSS01.LC03OPC.MSWPUMP3,2,NR3MSW_HOURS            ,Kris,
LCS01.LC3RRUN.MSW4MH01,MDSS01.LC03RUN.MSW4MH01,MDSS01.LC03OPC.MSWPUMP4,2,NR4MSW_HOURS            ,Kris,
LCS01.LC3RRUN.MSW5MH01,MDSS01.LC03RUN.MSW5MH01,MDSS01.LC03OPC.MSWPUMP5,2,NR5MSW_HOURS            ,Kris,
LCS01.LC3RRUN.PD01MH01,MDSS01.LC03RUN.PD01MH01,MDSS01.LC03CALC.PD01EV01,2,PDES Total Hours        ,Trey,
LCS01.LC3RRUN.PD02MH01,MDSS01.LC03RUN.PD02MH01,MDSS01.LC03CALC.PD02EV01,2,PDEP Total Hours        ,Trey,
LCS01.LC3RRUN.RCSCMH01,MDSS01.LC03RUN.RCSCMH01,MDSS01.LC03CALC.RCSCEV01,2,Nr1 Fin Stab Cooler Rh,Kris,
LCS01.LC3RRUN.RCSCMH02,MDSS01.LC03RUN.RCSCMH02,MDSS01.LC03CALC.RCSCEV01,2,Nr2 Fin Stab Cooler Rh,Kris,
LCS01.LC3RRUN.RO1AMH01,MDSS01.LC03RUN.RO1AMH01,MDSS01.LC03CALC.RO1AEV02,2,RO1A Run Hours          ,Mike S,
LCS01.LC3RRUN.RO1BMH01,MDSS01.LC03RUN.RO1BMH01,MDSS01.LC03CALC.RO1BEV02,2,RO1B Run Hours          ,Mike S,
LCS01.LC3RRUN.SG01MH01,MDSS01.LC03RUN.SG01MH01,MDSS01.LC03CALC.SG01EV01,2,SG1 - On                ,Will,
LCS01.LC3RRUN.SG02MH01,MDSS01.LC03RUN.SG02MH01,MDSS01.LC03CALC.SG02EV01,2,SG2 - On                ,Will,
LCS01.LC3RRUN.SGLOMH01,MDSS01.LC03RUN.SGLOMH01,MDSS01.LC03CALC.SGLOEV01,2,SGLOXRUN_HOURS          ,Trey,
LCS01.LC3RRUN.WHSSMH19,MDSS01.LC03RUN.WHSSMH19,MDSS01.LC03CALC.SG01EV19,2,STBD PTO PUMP RUN HOURS ,Will,
LCS01.LC3RRUN.WJPBMH01,MDSS01.LC03RUN.WJPBMH01,MDSS01.LC03CALC.WJPBEV01,2,Boost_Run_Hours         ,Will,
LCS01.LC3RRUN.WJPSMH01,MDSS01.LC03RUN.WJPSMH01,MDSS01.LC03CALC.WJPSEV01,2,Steer_Run_Hours         ,Will,
LCS01.LC3RRUN.WJSBMH01,MDSS01.LC03RUN.WJSBMH01,MDSS01.LC03CALC.WJSBEV01,2,Boost_Run_Hours         ,Will,
LCS01.LC3RRUN.WJSSMH01,MDSS01.LC03RUN.WJSSMH01,MDSS01.LC03CALC.WJSSEV01,2,Steer_Run_Hours         ,Will,
LCS01.LC3RRUN.FOT1MH03,MDSS01.LC03RUN.FOT1MH03,MDSS01.LC03CALC.FOT1EV03,1,FOP1A High Vibr Hours   ,Kris,0.001
LCS01.LC3RRUN.FOT2MH03,MDSS01.LC03RUN.FOT2MH03,MDSS01.LC03CALC.FOT2EV03,1,FOP1B High Vibr Hours   ,Kris,0.001
LCS01.LC3RRUN.CG01MH05,MDSS01.LC03RUN.CG01MH05,MDSS01.LC03CALC.CG01EV05,1,CGLowMDCLSHPLOPres      ,Will,0.01
LCS01.LC3RRUN.CG01MH06,MDSS01.LC03RUN.CG01MH06,MDSS01.LC03CALC.CG01EV06,1,CGLowMDCHSHPLOPres      ,Will,0.01
LCS01.LC3RRUN.CG01MH07,MDSS01.LC03RUN.CG01MH07,MDSS01.LC03CALC.CG01EV07,1,CGLowGearInletLOPres    ,Will,0.01
LCS01.LC3RRUN.CG01MH11,MDSS01.LC03RUN.CG01MH11,MDSS01.LC03CALC.CG01EV11,1,CGMDCLSSlip             ,Will,0.01
LCS01.LC3RRUN.CG01MH13,MDSS01.LC03RUN.CG01MH13,MDSS01.LC03CALC.CG01EV13,1,CGMDCHSSlip             ,Will,0.01
LCS01.LC3RRUN.CG02MH05,MDSS01.LC03RUN.CG02MH05,MDSS01.LC03CALC.CG02EV05,1,CGLowMDCLSHPLOPres      ,Will,0.01
LCS01.LC3RRUN.CG02MH06,MDSS01.LC03RUN.CG02MH06,MDSS01.LC03CALC.CG02EV06,1,CGLowMDCHSHPLOPres      ,Will,0.01
LCS01.LC3RRUN.CG02MH07,MDSS01.LC03RUN.CG02MH07,MDSS01.LC03CALC.CG02EV07,1,CGLowGearInletLOPres    ,Will,0.01
LCS01.LC3RRUN.CG02MH11,MDSS01.LC03RUN.CG02MH11,MDSS01.LC03CALC.CG02EV11,1,CGMDCLSSlip             ,Will,0.01
LCS01.LC3RRUN.CG02MH13,MDSS01.LC03RUN.CG02MH13,MDSS01.LC03CALC.CG02EV13,1,CGMDCHSSlip             ,Will,0.01
LCS01.LC3RRUN.DG01MH03,MDSS01.LC03RUN.DG01MH03,MDSS01.LC03CALC.DG01EV03,1,DGJWTEMPHI              ,Trey,0.01
LCS01.LC3RRUN.DG01MH04,MDSS01.LC03RUN.DG01MH04,MDSS01.LC03CALC.DG01EV04,1,DGLOTEMPHI              ,Trey,0.02
LCS01.LC3RRUN.DG01MH05,MDSS01.LC03RUN.DG01MH05,MDSS01.LC03CALC.DG01EV05,1,DGKWHI                  ,Trey,0.05
LCS01.LC3RRUN.DG01MH07,MDSS01.LC03RUN.DG01MH07,MDSS01.LC03CALC.DG01EV07,1,DGA1_2HI                ,Trey,0.025
LCS01.LC3RRUN.DG01MH08,MDSS01.LC03RUN.DG01MH08,MDSS01.LC03CALC.DG01EV08,1,DGA3_4HI                ,Trey,0.025
LCS01.LC3RRUN.DG01MH09,MDSS01.LC03RUN.DG01MH09,MDSS01.LC03CALC.DG01EV09,1,DGB1_3HI                ,Trey,0.025
LCS01.LC3RRUN.DG01MH10,MDSS01.LC03RUN.DG01MH10,MDSS01.LC03CALC.DG01EV10,1,DGB2_4HI                ,Trey,0.025
LCS01.LC3RRUN.DG01MH11,MDSS01.LC03RUN.DG01MH11,MDSS01.LC03CALC.DG01EV11,1,DGWNDGTHI               ,Trey,0.001
LCS01.LC3RRUN.DG02MH03,MDSS01.LC03RUN.DG02MH03,MDSS01.LC03CALC.DG02EV03,1,DGJWTEMPHI              ,Trey,0.01
LCS01.LC3RRUN.DG02MH04,MDSS01.LC03RUN.DG02MH04,MDSS01.LC03CALC.DG02EV04,1,DGLOTEMPHI              ,Trey,0.02
LCS01.LC3RRUN.DG02MH05,MDSS01.LC03RUN.DG02MH05,MDSS01.LC03CALC.DG02EV05,1,DGKWHI                  ,Trey,0.05
LCS01.LC3RRUN.DG02MH07,MDSS01.LC03RUN.DG02MH07,MDSS01.LC03CALC.DG02EV07,1,DGA1_2HI                ,Trey,0.025
LCS01.LC3RRUN.DG02MH08,MDSS01.LC03RUN.DG02MH08,MDSS01.LC03CALC.DG02EV08,1,DGA3_4HI                ,Trey,0.025
LCS01.LC3RRUN.DG02MH09,MDSS01.LC03RUN.DG02MH09,MDSS01.LC03CALC.DG02EV09,1,DGB1_3HI                ,Trey,0.025
LCS01.LC3RRUN.DG02MH10,MDSS01.LC03RUN.DG02MH10,MDSS01.LC03CALC.DG02EV10,1,DGB2_4HI                ,Trey,0.025
LCS01.LC3RRUN.DG02MH11,MDSS01.LC03RUN.DG02MH11,MDSS01.LC03CALC.DG02EV11,1,DGWNDGTHI               ,Trey,0.001
LCS01.LC3RRUN.DG03MH03,MDSS01.LC03RUN.DG03MH03,MDSS01.LC03CALC.DG03EV03,1,DGJWTEMPHI              ,Trey,0.01
LCS01.LC3RRUN.DG03MH04,MDSS01.LC03RUN.DG03MH04,MDSS01.LC03CALC.DG03EV04,1,DGLOTEMPHI              ,Trey,0.02
LCS01.LC3RRUN.DG03MH05,MDSS01.LC03RUN.DG03MH05,MDSS01.LC03CALC.DG03EV05,1,DGKWHI                  ,Trey,0.05
LCS01.LC3RRUN.DG03MH07,MDSS01.LC03RUN.DG03MH07,MDSS01.LC03CALC.DG03EV07,1,DGA1_2HI                ,Trey,0.025
LCS01.LC3RRUN.DG03MH08,MDSS01.LC03RUN.DG03MH08,MDSS01.LC03CALC.DG03EV08,1,DGA3_4HI                ,Trey,0.025
LCS01.LC3RRUN.DG03MH09,MDSS01.LC03RUN.DG03MH09,MDSS01.LC03CALC.DG03EV09,1,DGB1_3HI                ,Trey,0.025
LCS01.LC3RRUN.DG03MH10,MDSS01.LC03RUN.DG03MH10,MDSS01.LC03CALC.DG03EV10,1,DGB2_4HI                ,Trey,0.025
LCS01.LC3RRUN.DG03MH11,MDSS01.LC03RUN.DG03MH11,MDSS01.LC03CALC.DG03EV11,1,DGWNDGTHI               ,Trey,0.001
LCS01.LC3RRUN.DG04MH03,MDSS01.LC03RUN.DG04MH03,MDSS01.LC03CALC.DG04EV03,1,DGJWTEMPHI              ,Trey,0.01
LCS01.LC3RRUN.DG04MH04,MDSS01.LC03RUN.DG04MH04,MDSS01.LC03CALC.DG04EV04,1,DGLOTEMPHI              ,Trey,0.02
LCS01.LC3RRUN.DG04MH05,MDSS01.LC03RUN.DG04MH05,MDSS01.LC03CALC.DG04EV05,1,DGKWHI                  ,Trey,0.05
LCS01.LC3RRUN.DG04MH07,MDSS01.LC03RUN.DG04MH07,MDSS01.LC03CALC.DG04EV07,1,DGA1_2HI                ,Trey,0.025
LCS01.LC3RRUN.DG04MH08,MDSS01.LC03RUN.DG04MH08,MDSS01.LC03CALC.DG04EV08,1,DGA3_4HI                ,Trey,0.025
LCS01.LC3RRUN.DG04MH09,MDSS01.LC03RUN.DG04MH09,MDSS01.LC03CALC.DG04EV09,1,DGB1_3HI                ,Trey,0.025
LCS01.LC3RRUN.DG04MH10,MDSS01.LC03RUN.DG04MH10,MDSS01.LC03CALC.DG04EV10,1,DGB2_4HI                ,Trey,0.025
LCS01.LC3RRUN.DG04MH11,MDSS01.LC03RUN.DG04MH11,MDSS01.LC03CALC.DG04EV11,1,DGWNDGTHI               ,Trey,0.001
LCS01.LC3RRUN.GT01MH02,MDSS01.LC03RUN.GT01MH02,MDSS01.LC03CALC.GT01EV02,1,Engine Overheating      ,Trey,0.025
LCS01.LC3RRUN.GT01MH03,MDSS01.LC03RUN.GT01MH03,MDSS01.LC03CALC.GT01EV03,1,LO Overheating          ,Trey,0.025
LCS01.LC3RRUN.GT01MH06,MDSS01.LC03RUN.GT01MH06,MDSS01.LC03CALC.GT01EV06,1,IP Overspeed            ,Trey,0.025
LCS01.LC3RRUN.GT01MH07,MDSS01.LC03RUN.GT01MH07,MDSS01.LC03CALC.GT01EV07,1,HP Overspeed            ,Trey,0.025
LCS01.LC3RRUN.GT01MH08,MDSS01.LC03RUN.GT01MH08,MDSS01.LC03CALC.GT01EV08,1,LP Overspeed            ,Trey,0.025
LCS01.LC3RRUN.GT01MH15,MDSS01.LC03RUN.GT01MH15,MDSS01.LC03CALC.GT01EV15,1,TCAF Overheating        ,Trey,0.05
LCS01.LC3RRUN.GT01MH16,MDSS01.LC03RUN.GT01MH16,MDSS01.LC03CALC.GT01EV16,1,TCAR Overheating        ,Trey,0.05
LCS01.LC3RRUN.GT01MH18,MDSS01.LC03RUN.GT01MH18,MDSS01.LC03CALC.GT01EV18,1,Low LO Supply Pres      ,Trey,0.05
LCS01.LC3RRUN.GT01MH27,MDSS01.LC03RUN.GT01MH27,MDSS01.LC03CALC.GT01EV19,1,HighFrontVib            ,Trey,0.01
LCS01.LC3RRUN.GT01MH28,MDSS01.LC03RUN.GT01MH28,MDSS01.LC03CALC.GT01EV20,1,HighMidVib              ,Trey,0.01
LCS01.LC3RRUN.GT01MH29,MDSS01.LC03RUN.GT01MH29,MDSS01.LC03CALC.GT01EV21,1,HighRearVib             ,Trey,0.01
LCS01.LC3RRUN.GT02MH02,MDSS01.LC03RUN.GT02MH02,MDSS01.LC03CALC.GT02EV02,1,Engine Overheating      ,Trey,0.025
LCS01.LC3RRUN.GT02MH03,MDSS01.LC03RUN.GT02MH03,MDSS01.LC03CALC.GT02EV03,1,LO Overheating          ,Trey,0.025
LCS01.LC3RRUN.GT02MH06,MDSS01.LC03RUN.GT02MH06,MDSS01.LC03CALC.GT02EV06,1,IP Overspeed            ,Trey,0.025
LCS01.LC3RRUN.GT02MH07,MDSS01.LC03RUN.GT02MH07,MDSS01.LC03CALC.GT02EV07,1,HP Overspeed            ,Trey,0.025
LCS01.LC3RRUN.GT02MH08,MDSS01.LC03RUN.GT02MH08,MDSS01.LC03CALC.GT02EV08,1,LP Overspeed            ,Trey,0.025
LCS01.LC3RRUN.GT02MH15,MDSS01.LC03RUN.GT02MH15,MDSS01.LC03CALC.GT02EV15,1,TCAF Overheating        ,Trey,0.05
LCS01.LC3RRUN.GT02MH16,MDSS01.LC03RUN.GT02MH16,MDSS01.LC03CALC.GT02EV16,1,TCAR Overheating        ,Trey,0.05
LCS01.LC3RRUN.GT02MH18,MDSS01.LC03RUN.GT02MH18,MDSS01.LC03CALC.GT02EV18,1,Low LO Supply Pres      ,Trey,0.05
LCS01.LC3RRUN.GT02MH27,MDSS01.LC03RUN.GT02MH27,MDSS01.LC03CALC.GT02EV19,1,HighFrontVib            ,Trey,0.01
LCS01.LC3RRUN.GT02MH28,MDSS01.LC03RUN.GT02MH28,MDSS01.LC03CALC.GT02EV20,1,HighMidVib              ,Trey,0.01
LCS01.LC3RRUN.GT02MH29,MDSS01.LC03RUN.GT02MH29,MDSS01.LC03CALC.GT02EV21,1,HighRearVib             ,Trey,0.01
LCS01.LC3RRUN.MP01MH03,MDSS01.LC03RUN.MP01MH03,MDSS01.LC03CALC.MP01EV03,1,MPACOilPresLow          ,Mike S,0.025
LCS01.LC3RRUN.MP02MH03,MDSS01.LC03RUN.MP02MH03,MDSS01.LC03CALC.MP02EV03,1,MPACOilPresLow          ,Mike S,0.025
LCS01.LC3RRUN.PD01MH05,MDSS01.LC03RUN.PD01MH05,MDSS01.LC03CALC.PD01EV05,1,PDES LOOverheating      ,Trey,0.02
LCS01.LC3RRUN.PD01MH06,MDSS01.LC03RUN.PD01MH06,MDSS01.LC03CALC.PD01EV06,1,PDES EngineOverpowered  ,Trey,0.05
LCS01.LC3RRUN.PD01MH07,MDSS01.LC03RUN.PD01MH07,MDSS01.LC03CALC.PD01EV07,1,PDES EngineUnderpowered ,Trey,0.002
LCS01.LC3RRUN.PD01MH08,MDSS01.LC03RUN.PD01MH08,MDSS01.LC03CALC.PD01EV08,1,PDES CylA1Overheating   ,Trey,0.025
LCS01.LC3RRUN.PD01MH09,MDSS01.LC03RUN.PD01MH09,MDSS01.LC03CALC.PD01EV09,1,PDES CylA2Overheating   ,Trey,0.025
LCS01.LC3RRUN.PD01MH10,MDSS01.LC03RUN.PD01MH10,MDSS01.LC03CALC.PD01EV10,1,PDES CylA3Overheating   ,Trey,0.025
LCS01.LC3RRUN.PD01MH11,MDSS01.LC03RUN.PD01MH11,MDSS01.LC03CALC.PD01EV11,1,PDES CylA4Overheating   ,Trey,0.025
LCS01.LC3RRUN.PD01MH12,MDSS01.LC03RUN.PD01MH12,MDSS01.LC03CALC.PD01EV12,1,PDES CylA5Overheating   ,Trey,0.025
LCS01.LC3RRUN.PD01MH13,MDSS01.LC03RUN.PD01MH13,MDSS01.LC03CALC.PD01EV13,1,PDES CylA6Overheating   ,Trey,0.025
LCS01.LC3RRUN.PD01MH14,MDSS01.LC03RUN.PD01MH14,MDSS01.LC03CALC.PD01EV14,1,PDES CylA7Overheating   ,Trey,0.025
LCS01.LC3RRUN.PD01MH15,MDSS01.LC03RUN.PD01MH15,MDSS01.LC03CALC.PD01EV15,1,PDES CylA8Overheating   ,Trey,0.025
LCS01.LC3RRUN.PD01MH16,MDSS01.LC03RUN.PD01MH16,MDSS01.LC03CALC.PD01EV16,1,PDES CylB1Overheating   ,Trey,0.025
LCS01.LC3RRUN.PD01MH17,MDSS01.LC03RUN.PD01MH17,MDSS01.LC03CALC.PD01EV17,1,PDES CylB2Overheating   ,Trey,0.025
LCS01.LC3RRUN.PD01MH18,MDSS01.LC03RUN.PD01MH18,MDSS01.LC03CALC.PD01EV18,1,PDES CylB3Overheating   ,Trey,0.025
LCS01.LC3RRUN.PD01MH19,MDSS01.LC03RUN.PD01MH19,MDSS01.LC03CALC.PD01EV19,1,PDES CylB4Overheating   ,Trey,0.025
LCS01.LC3RRUN.PD01MH20,MDSS01.LC03RUN.PD01MH20,MDSS01.LC03CALC.PD01EV20,1,PDES CylB5Overheating   ,Trey,0.025
LCS01.LC3RRUN.PD01MH21,MDSS01.LC03RUN.PD01MH21,MDSS01.LC03CALC.PD01EV21,1,PDES CylB6Overheating   ,Trey,0.025
LCS01.LC3RRUN.PD01MH22,MDSS01.LC03RUN.PD01MH22,MDSS01.LC03CALC.PD01EV22,1,PDES CylB7Overheating   ,Trey,0.025
LCS01.LC3RRUN.PD01MH23,MDSS01.LC03RUN.PD01MH23,MDSS01.LC03CALC.PD01EV23,1,PDES CylB8Overheating   ,Trey,0.025
LCS01.LC3RRUN.PD01MH24,MDSS01.LC03RUN.PD01MH24,MDSS01.LC03CALC.PD01EV24,1,PDES Low LO Supply Pres ,Trey,0.02
LCS01.LC3RRUN.PD01MH25,MDSS01.LC03RUN.PD01MH25,MDSS01.LC03CALC.PD01EV25,1,PDES Low LO Supply Pres ,Trey,0.02
LCS01.LC3RRUN.PD01MH26,MDSS01.LC03RUN.PD01MH26,MDSS01.LC03CALC.PD01EV26,1,PDES Low Seal Air Pres  ,Trey,0.02
LCS01.LC3RRUN.PD01MH27,MDSS01.LC03RUN.PD01MH27,MDSS01.LC03CALC.PD01EV27,1,PDES Engine Overspeed   ,Trey,0.025
LCS01.LC3RRUN.PD01MH32,MDSS01.LC03RUN.PD01MH32,MDSS01.LC03CALC.PD01EV32,1,PDES Low SW Suct Pres   ,Trey,0.001
LCS01.LC3RRUN.PD02MH05,MDSS01.LC03RUN.PD02MH05,MDSS01.LC03CALC.PD02EV05,1,PDEP LOOverheating      ,Trey,0.02
LCS01.LC3RRUN.PD02MH06,MDSS01.LC03RUN.PD02MH06,MDSS01.LC03CALC.PD02EV06,1,PDEP EngineOverpowered  ,Trey,0.05
LCS01.LC3RRUN.PD02MH07,MDSS01.LC03RUN.PD02MH07,MDSS01.LC03CALC.PD02EV07,1,PDEP EngineUnderpowered ,Trey,0.002
LCS01.LC3RRUN.PD02MH08,MDSS01.LC03RUN.PD02MH08,MDSS01.LC03CALC.PD02EV08,1,PDEP CylA1Overheating   ,Trey,0.025
LCS01.LC3RRUN.PD02MH09,MDSS01.LC03RUN.PD02MH09,MDSS01.LC03CALC.PD02EV09,1,PDEP CylA2Overheating   ,Trey,0.025
LCS01.LC3RRUN.PD02MH10,MDSS01.LC03RUN.PD02MH10,MDSS01.LC03CALC.PD02EV10,1,PDEP CylA3Overheating   ,Trey,0.025
LCS01.LC3RRUN.PD02MH11,MDSS01.LC03RUN.PD02MH11,MDSS01.LC03CALC.PD02EV11,1,PDEP CylA4Overheating   ,Trey,0.025
LCS01.LC3RRUN.PD02MH12,MDSS01.LC03RUN.PD02MH12,MDSS01.LC03CALC.PD02EV12,1,PDEP CylA5Overheating   ,Trey,0.025
LCS01.LC3RRUN.PD02MH13,MDSS01.LC03RUN.PD02MH13,MDSS01.LC03CALC.PD02EV13,1,PDEP CylA6Overheating   ,Trey,0.025
LCS01.LC3RRUN.PD02MH14,MDSS01.LC03RUN.PD02MH14,MDSS01.LC03CALC.PD02EV14,1,PDEP CylA7Overheating   ,Trey,0.025
LCS01.LC3RRUN.PD02MH15,MDSS01.LC03RUN.PD02MH15,MDSS01.LC03CALC.PD02EV15,1,PDEP CylA8Overheating   ,Trey,0.025
LCS01.LC3RRUN.PD02MH16,MDSS01.LC03RUN.PD02MH16,MDSS01.LC03CALC.PD02EV16,1,PDEP CylB1Overheating   ,Trey,0.025
LCS01.LC3RRUN.PD02MH17,MDSS01.LC03RUN.PD02MH17,MDSS01.LC03CALC.PD02EV17,1,PDEP CylB2Overheating   ,Trey,0.025
LCS01.LC3RRUN.PD02MH18,MDSS01.LC03RUN.PD02MH18,MDSS01.LC03CALC.PD02EV18,1,PDEP CylB3Overheating   ,Trey,0.025
LCS01.LC3RRUN.PD02MH19,MDSS01.LC03RUN.PD02MH19,MDSS01.LC03CALC.PD02EV19,1,PDEP CylB4Overheating   ,Trey,0.025
LCS01.LC3RRUN.PD02MH20,MDSS01.LC03RUN.PD02MH20,MDSS01.LC03CALC.PD02EV20,1,PDEP CylB5Overheating   ,Trey,0.025
LCS01.LC3RRUN.PD02MH21,MDSS01.LC03RUN.PD02MH21,MDSS01.LC03CALC.PD02EV21,1,PDEP CylB6Overheating   ,Trey,0.025
LCS01.LC3RRUN.PD02MH22,MDSS01.LC03RUN.PD02MH22,MDSS01.LC03CALC.PD02EV22,1,PDEP CylB7Overheating   ,Trey,0.025
LCS01.LC3RRUN.PD02MH23,MDSS01.LC03RUN.PD02MH23,MDSS01.LC03CALC.PD02EV23,1,PDEP CylB8Overheating   ,Trey,0.025
LCS01.LC3RRUN.PD02MH24,MDSS01.LC03RUN.PD02MH24,MDSS01.LC03CALC.PD02EV24,1,PDEP Low LO Supply Pres ,Trey,0.02
LCS01.LC3RRUN.PD02MH25,MDSS01.LC03RUN.PD02MH25,MDSS01.LC03CALC.PD02EV25,1,PDEP Low LO Supply Pres ,Trey,0.02
LCS01.LC3RRUN.PD02MH26,MDSS01.LC03RUN.PD02MH26,MDSS01.LC03CALC.PD02EV26,1,PDEP Low Seal Air Pres  ,Trey,0.02
LCS01.LC3RRUN.PD02MH27,MDSS01.LC03RUN.PD02MH27,MDSS01.LC03CALC.PD02EV27,1,PDEP Engine Overspeed   ,Trey,0.025
LCS01.LC3RRUN.PD02MH32,MDSS01.LC03RUN.PD02MH32,MDSS01.LC03CALC.PD02EV32,1,PDEP Low SW Suct Pres   ,Trey,0.001
LCS01.LC3RRUN.SG01MH06,MDSS01.LC03RUN.SG01MH06,MDSS01.LC03CALC.SG01EV06,1,SGLowMDC-WJHPLOPres     ,Will,0.01
LCS01.LC3RRUN.SG01MH07,MDSS01.LC03RUN.SG01MH07,MDSS01.LC03CALC.SG01EV07,1,SGLowGearInletLOPres    ,Will,0.01
LCS01.LC3RRUN.SG01MH09,MDSS01.LC03RUN.SG01MH09,MDSS01.LC03CALC.SG01EV09,1,SGTwoWJOperation        ,Will,0.0001
LCS01.LC3RRUN.SG02MH06,MDSS01.LC03RUN.SG02MH06,MDSS01.LC03CALC.SG02EV06,1,SGLowMDC-WJHPLOPres     ,Will,0.01
LCS01.LC3RRUN.SG02MH07,MDSS01.LC03RUN.SG02MH07,MDSS01.LC03CALC.SG02EV07,1,SGLowGearInletLOPres    ,Will,0.01
LCS01.LC3RRUN.SG02MH09,MDSS01.LC03RUN.SG02MH09,MDSS01.LC03CALC.SG02EV09,1,SGTwoWJOperation        ,Will,0.0001
LCS01.LC3RRUN.WHPSMH05,MDSS01.LC03RUN.WHPSMH05,MDSS01.LC03CALC.WHPSEV05,1,HYD OIL LOW             ,Will,0.002
LCS01.LC3RRUN.WHPSMH06,MDSS01.LC03RUN.WHPSMH06,MDSS01.LC03CALC.WHPSEV06,1,HYD OIL TEMP HIGH       ,Will,0.002
LCS01.LC3RRUN.WHSSMH05,MDSS01.LC03RUN.WHSSMH05,MDSS01.LC03CALC.WHSSEV05,1,HYD OIL LOW             ,Will,0.002
LCS01.LC3RRUN.WHSSMH06,MDSS01.LC03RUN.WHSSMH06,MDSS01.LC03CALC.WHSSEV06,1,HYD OIL TEMP HIGH       ,Will,0.002
LCS01.LC3RRUN.WJPBMH07,MDSS01.LC03RUN.WJPBMH07,MDSS01.LC03CALC.WJPBEV07,1,Cav_Zone_Yellow         ,Will,0.0005
LCS01.LC3RRUN.WJPBMH08,MDSS01.LC03RUN.WJPBMH08,MDSS01.LC03CALC.WJPBEV08,1,Cav_Zone_Red            ,Will,0.005
LCS01.LC3RRUN.WJPBMH09,MDSS01.LC03RUN.WJPBMH09,MDSS01.LC03CALC.WJPBEV09,1,Boost_Lube_Oil_Low      ,Will,0.001
LCS01.LC3RRUN.WJPBMH10,MDSS01.LC03RUN.WJPBMH10,MDSS01.LC03CALC.WJPBEV10,1,Boost_SealWater_Low     ,Will,0.001
LCS01.LC3RRUN.WJPBMH11,MDSS01.LC03RUN.WJPBMH11,MDSS01.LC03CALC.WJPBEV11,1,GearInlet_LubeOil_Pressu,Will,0.001
LCS01.LC3RRUN.WJPSMH07,MDSS01.LC03RUN.WJPSMH07,MDSS01.LC03CALC.WJPSEV07,1,Cav_Zone_Yellow         ,Will,0.0005
LCS01.LC3RRUN.WJPSMH08,MDSS01.LC03RUN.WJPSMH08,MDSS01.LC03CALC.WJPSEV08,1,Cav_Zone_Red            ,Will,0.005
LCS01.LC3RRUN.WJPSMH09,MDSS01.LC03RUN.WJPSMH09,MDSS01.LC03CALC.WJPSEV09,1,Steer_Lube_Oil_Low      ,Will,0.001
LCS01.LC3RRUN.WJPSMH10,MDSS01.LC03RUN.WJPSMH10,MDSS01.LC03CALC.WJPSEV10,1,Steer_SealWater_Low     ,Will,0.001
LCS01.LC3RRUN.WJPSMH11,MDSS01.LC03RUN.WJPSMH11,MDSS01.LC03CALC.WJPSEV11,1,GearInlet_LubeOil_Pressu,Will,0.001
LCS01.LC3RRUN.WJSBMH07,MDSS01.LC03RUN.WJSBMH07,MDSS01.LC03CALC.WJSBEV07,1,Cav_Zone_Yellow         ,Will,0.0005
LCS01.LC3RRUN.WJSBMH08,MDSS01.LC03RUN.WJSBMH08,MDSS01.LC03CALC.WJSBEV08,1,Cav_Zone_Red            ,Will,0.005
LCS01.LC3RRUN.WJSBMH09,MDSS01.LC03RUN.WJSBMH09,MDSS01.LC03CALC.WJSBEV09,1,Boost_Lube_Oil_Low      ,Will,0.001
LCS01.LC3RRUN.WJSBMH10,MDSS01.LC03RUN.WJSBMH10,MDSS01.LC03CALC.WJSBEV10,1,Boost_SealWater_Low     ,Will,0.001
LCS01.LC3RRUN.WJSBMH11,MDSS01.LC03RUN.WJSBMH11,MDSS01.LC03CALC.WJSBEV11,1,GearInlet_LubeOil_Pressu,Will,0.001
LCS01.LC3RRUN.WJSSMH07,MDSS01.LC03RUN.WJSSMH07,MDSS01.LC03CALC.WJSSEV07,1,Cav_Zone_Yellow         ,Will,0.0005
LCS01.LC3RRUN.WJSSMH08,MDSS01.LC03RUN.WJSSMH08,MDSS01.LC03CALC.WJSSEV08,1,Cav_Zone_Red            ,Will,0.005
LCS01.LC3RRUN.WJSSMH09,MDSS01.LC03RUN.WJSSMH09,MDSS01.LC03CALC.WJSSEV09,1,Steer_Lube_Oil_Low      ,Will,0.001
LCS01.LC3RRUN.WJSSMH10,MDSS01.LC03RUN.WJSSMH10,MDSS01.LC03CALC.WJSSEV10,1,Steer_SealWater_Low     ,Will,0.001
LCS01.LC3RRUN.WJSSMH11,MDSS01.LC03RUN.WJSSMH11,MDSS01.LC03CALC.WJSSEV11,1,GearInlet_LubeOil_Pressu,Will,0.001
LCS01.LC3RRUN.AC01EV05,,MDSS01.LC03CALC.AC01EV05,0,ACCompressor1ReverseRota,Kris,0.0001
LCS01.LC3RRUN.AC01EV07,,MDSS01.LC03CALC.AC01EV07,0,ACCompressor1HighTempera,Kris,0.0001
LCS01.LC3RRUN.AC01EV08,,MDSS01.LC03CALC.AC01EV08,0,ACCompressor1HighPressur,Kris,0.0001
LCS01.LC3RRUN.AC01EV09,,MDSS01.LC03CALC.AC01EV09,0,ACCompressor1OilFailure ,Kris,0.0001
LCS01.LC3RRUN.AC01EV11,,MDSS01.LC03CALC.AC01EV11,0,ACCompressor2ReverseRota,Kris,0.0001
LCS01.LC3RRUN.AC01EV13,,MDSS01.LC03CALC.AC01EV13,0,ACCompressor2HighTempera,Kris,0.0001
LCS01.LC3RRUN.AC01EV14,,MDSS01.LC03CALC.AC01EV14,0,ACCompressor2HighPressur,Kris,0.0001
LCS01.LC3RRUN.AC01EV15,,MDSS01.LC03CALC.AC01EV15,0,ACCompressor2OilFailure ,Kris,0.0001
LCS01.LC3RRUN.AC02EV05,,MDSS01.LC03CALC.AC02EV05,0,ACCompressor1ReverseRota,Kris,0.0001
LCS01.LC3RRUN.AC02EV07,,MDSS01.LC03CALC.AC02EV07,0,ACCompressor1HighTempera,Kris,0.0001
LCS01.LC3RRUN.AC02EV08,,MDSS01.LC03CALC.AC02EV08,0,ACCompressor1HighPressur,Kris,0.0001
LCS01.LC3RRUN.AC02EV09,,MDSS01.LC03CALC.AC02EV09,0,ACCompressor1OilFailure ,Kris,0.0001
LCS01.LC3RRUN.AC02EV11,,MDSS01.LC03CALC.AC02EV11,0,ACCompressor2ReverseRota,Kris,0.0001
LCS01.LC3RRUN.AC02EV13,,MDSS01.LC03CALC.AC02EV13,0,ACCompressor2HighTempera,Kris,0.0001
LCS01.LC3RRUN.AC02EV14,,MDSS01.LC03CALC.AC02EV14,0,ACCompressor2HighPressur,Kris,0.0001
LCS01.LC3RRUN.AC02EV15,,MDSS01.LC03CALC.AC02EV15,0,ACCompressor2OilFailure ,Kris,0.0001
LCS01.LC3RRUN.ALTPEV01,,MDSS01.LC03CALC.ALTPEV01,0,AFTPDELOTP_STARTS       ,Trey,0.000001
LCS01.LC3RRUN.BIP3EV01,,MDSS01.LC03CALC.BIP3EV01,0,SSDG1 Overboard Exhaust ,Trey,0.0001
LCS01.LC3RRUN.BIP3EV02,,MDSS01.LC03CALC.BIP3EV02,0,SSDG2 Overboard Exhaust ,Trey,0.0001
LCS01.LC3RRUN.BIP3EV03,,MDSS01.LC03CALC.BIP3EV03,0,SSDG3 Overboard Exhaust ,Trey,0.0001
LCS01.LC3RRUN.BIP3EV04,,MDSS01.LC03CALC.BIP3EV04,0,SSDG4 Overboard Exhaust ,Trey,0.0001
LCS01.LC3RRUN.CG01EV12,,MDSS01.LC03CALC.CG01EV12,0,CGMDCLSEngaged          ,Will,0.0002
LCS01.LC3RRUN.CG01EV14,,MDSS01.LC03CALC.CG01EV14,0,CGMDCHSEngaged          ,Will,0.0002
LCS01.LC3RRUN.CG01EV16,,MDSS01.LC03CALC.CG01EV16,0,CGSCCEngaged            ,Will,0.0002
LCS01.LC3RRUN.CG01EV17,,MDSS01.LC03CALC.CG01EV17,0,CG1 ELOP Motor Starts   ,Will,0.00005
LCS01.LC3RRUN.CG02EV12,,MDSS01.LC03CALC.CG02EV12,0,CGMDCLSEngaged          ,Will,0.0002
LCS01.LC3RRUN.CG02EV14,,MDSS01.LC03CALC.CG02EV14,0,CGMDCHSEngaged          ,Will,0.0002
LCS01.LC3RRUN.CG02EV16,,MDSS01.LC03CALC.CG02EV16,0,CGSCCEngaged            ,Will,0.0002
LCS01.LC3RRUN.CG02EV17,,MDSS01.LC03CALC.CG02EV17,0,CG2 ELOP Motor Starts   ,Will,0.00005
LCS01.LC3RRUN.CGLOEV01,,MDSS01.LC03CALC.CGLOEV01,0,CGLOXRUN                ,Trey,0.00001
LCS01.LC3RRUN.DG01EV02,,MDSS01.LC03CALC.DG01EV02,0,DGRun                   ,Trey,0.00001
LCS01.LC3RRUN.DG02EV02,,MDSS01.LC03CALC.DG02EV02,0,DGRun                   ,Trey,0.00001
LCS01.LC3RRUN.DG03EV02,,MDSS01.LC03CALC.DG03EV02,0,DGRun                   ,Trey,0.00001
LCS01.LC3RRUN.DG04EV02,,MDSS01.LC03CALC.DG04EV02,0,DGRun                   ,Trey,0.00001
LCS01.LC3RRUN.FLTPEV01,,MDSS01.LC03CALC.FLTPEV01,0,MPDE Fwd LOTP Starts    ,Trey,0.000001
LCS01.LC3RRUN.FOS1EV05,,MDSS01.LC03CALC.FOS1EV05,0,GTRB_FOSP1_SteadyState  ,Kris,0.000001
LCS01.LC3RRUN.FOS2EV05,,MDSS01.LC03CALC.FOS2EV05,0,GTRB FOSP2 Steady State ,Kris,0.000001
LCS01.LC3RRUN.FOT1EV01,,MDSS01.LC03CALC.FOT1EV01,0,FOP1A Start Cycles      ,Kris,0.0001
LCS01.LC3RRUN.FOT1EV04,,MDSS01.LC03CALC.FOT1EV04,0,FOTPmp1A Run            ,Kris,0.0001
LCS01.LC3RRUN.FOT2EV01,,MDSS01.LC03CALC.FOT2EV01,0,FOP1B Start Cycles      ,Kris,0.0001
LCS01.LC3RRUN.FOT2EV04,,MDSS01.LC03CALC.FOT2EV04,0,FOTPUMP1B Start Cycles  ,Kris,0.0001
LCS01.LC3RRUN.GT01EV01,,MDSS01.LC03CALC.GT01EV01,0,GTE Starts              ,Trey,0.00001
LCS01.LC3RRUN.GT02EV01,,MDSS01.LC03CALC.GT02EV01,0,GTMP Starts             ,Trey,0.00001
LCS01.LC3RRUN.JLPBEV01,,MDSS01.LC03CALC.JLPBEV01,0,PORT BOOST CLNG PP START,Will,0.0001
LCS01.LC3RRUN.JLPBEV02,,MDSS01.LC03CALC.JLPSEV03,0,PORT BOOST LO PP STARTS ,Will,0.0001
LCS01.LC3RRUN.JLPSEV01,,MDSS01.LC03CALC.JLPSEV01,0,PORT STEER CLNG PP START,Will,0.0001
LCS01.LC3RRUN.JLPSEV02,,MDSS01.LC03CALC.JLPSEV03,0,PORT STEER LO PP STARTS ,Will,0.0001
LCS01.LC3RRUN.JLSBEV01,,MDSS01.LC03CALC.JLSBEV01,0,STBD BOOST CLNG PP START,Will,0.0001
LCS01.LC3RRUN.JLSSEV01,,MDSS01.LC03CALC.JLSSEV01,0,STBD STEER CLNG PP START,Will,0.0001
LCS01.LC3RRUN.JLSSEV02,,MDSS01.LC03CALC.JLSSEV03,0,STBD STEER LO PP STARTS ,Will,0.0001
LCS01.LC3RRUN.MSW1EV01,,MDSS01.LC03CALC.MSW1EV01,0,NR1MSW_STARTS           ,Kris,0.0001
LCS01.LC3RRUN.MSW2EV01,,MDSS01.LC03CALC.MSW2EV01,0,NR2MSW_STARTS           ,Kris,0.0001
LCS01.LC3RRUN.MSW3EV01,,MDSS01.LC03CALC.MSW3EV01,0,NR3MSW_STARTS           ,Kris,0.0001
LCS01.LC3RRUN.MSW4EV01,,MDSS01.LC03CALC.MSW4EV01,0,NR4MSW_STARTS           ,Kris,0.0001
LCS01.LC3RRUN.MSW5EV01,,MDSS01.LC03CALC.MSW5EV01,0,NR5MSW_STARTS           ,Kris,0.0001
LCS01.LC3RRUN.RCSCEV01,,MDSS01.LC03CALC.RCSCEV01,0,Nr1 Fin Stab Cooler Ev,Kris,0.00001
LCS01.LC3RRUN.RCSCEV02,,MDSS01.LC03CALC.RCSCEV02,0,Nr2 Fin Stab Cooler Ev,Kris,0.00001
LCS01.LC3RRUN.SG01EV14,,MDSS01.LC03CALC.SG01EV14,0,SG1 ELOP Motor Starts   ,Will,0.005
LCS01.LC3RRUN.SG02EV14,,MDSS01.LC03CALC.SG02EV14,0,SG2 ELOP Motor Starts   ,Will,0.005
LCS01.LC3RRUN.SGLOEV01,,MDSS01.LC03CALC.SGLOEV01,0,SGLOXRUN                ,Trey,0.000001
LCS01.LC3RRUN.WHPSEV02,,MDSS01.LC03CALC.WHPSEV02,0,REVERSE EL PUMP START   ,Will,0.00001
LCS01.LC3RRUN.WHPSEV03,,MDSS01.LC03CALC.WHPSEV03,0,STEER EL PUMP STARTS    ,Will,0.00001
LCS01.LC3RRUN.WHSSEV02,,MDSS01.LC03CALC.WHSSEV02,0,REVERSE EL PUMP START   ,Will,0.00001
LCS01.LC3RRUN.WHSSEV03,,MDSS01.LC03CALC.WHSSEV03,0,STEER EL PUMP STARTS    ,Will,0.00001
